run,sensor_01,sensor_02,sensor_03,sensor_04,sensor_05,sensor_06,sensor_07,sensor_08,sensor_09,sensor_10,sensor_11,sensor_12
1,-1.2108,-1.9463,-0.8945,-1.5899,1.8296,0.9915,-0.4026,-1.4466,-0.7685,-1.1491,2.7532,0.3973
2,2.4882,-1.3092,-2.0729,6.3003,-3.2347,0.9394,-1.1002,0.6607,-1.6905,1.6788,-3.1663,0.9608
3,0.0458,-0.7944,-0.1605,0.169,0.7759,1.1532,0.3357,0.2656,1.1063,-0.3453,1.229,1.8616
4,1.6383,-0.4574,-0.6325,3.4531,-1.9713,0.1063,0.1778,1.8158,0.3801,0.9514,-3.1049,1.0321
5,-0.8016,1.373,1.6915,-1.6822,0.3657,-0.5452,-0.0202,0.1925,1.2869,-0.5873,1.021,-0.1609
6,1.1902,-0.0567,0.0196,1.0635,-0.0615,0.1579,-0.0602,0.5127,-0.0798,0.0013,0.1482,1.482
7,0.7141,0.3813,-0.0027,1.2817,-1.05,-0.2327,-0.4758,0.3001,-0.939,1.437,-2.5817,-1.5003
8,0.1773,0.8502,1.3887,1.5042,-1.4326,-0.4468,0.4307,0.1734,1.226,-0.3187,-1.549,-0.0759
9,0.2728,-0.1471,0.3899,0.8214,-0.2385,-0.3612,0.2329,0.0176,0.2881,-0.6836,0.0841,0.5838
10,-0.4325,0.7781,0.2782,-0.3557,-0.2337,-0.9949,-0.8915,0.0776,-0.6628,0.4033,-0.8446,-1.3546
11,-1.9379,1.809,1.5157,-2.3214,1.3279,-0.5117,-0.1982,0.0964,0.1106,-1.3701,1.4185,-0.903
12,-1.5213,1.6074,1.5277,-5.2786,3.228,-0.3378,0.7512,-1.7738,0.7539,-1.5567,3.889,-1.3366
13,1.8808,-0.9279,-1.7137,4.2103,-1.9639,0.109,-1.3982,0.6408,-0.6549,1.1381,-2.3527,0.9879
14,-0.6864,-0.371,0.9492,-3.0944,2.529,-0.0633,0.5168,0.0158,1.2139,-1.5123,3.4969,1.5316
15,0.096,-0.545,-0.7405,1.2172,-0.6042,0.4221,-0.1029,0.2034,-0.8476,0.3568,-0.5454,1.5095
16,-0.2429,-0.7813,-1.8293,1.3784,-0.1164,0.3203,-1.5403,-1.0872,-1.1085,0.8149,-1.235,-0.5967
17,-0.7904,1.6488,0.7773,-0.8655,-0.3875,-0.4977,0.336,0.3806,0.5514,0.3016,-0.3418,-0.8149
18,0.0094,2.7106,3.0856,-0.3915,-0.7677,-1.4479,0.6941,1.0149,1.8937,-1.4247,-0.5699,0.1477
19,0.746,-2.1302,-2.0226,1.5371,-0.3713,0.6685,-0.1187,-0.5248,-0.9103,1.0305,-1.2771,0.2567
20,-1.0137,-0.3852,0.6237,-0.4953,1.2047,0.2185,-0.1059,0.0898,-0.066,-0.2619,0.6835,-0.3783
21,0.074,1.7919,1.5594,-1.938,0.3774,-0.8711,0.6405,0.1123,0.0337,-0.1461,-0.0174,-1.0575
22,-0.2044,0.3395,-1.0231,0.8006,-0.7613,-0.6033,-1.0066,-0.8032,-1.8764,1.1707,-3.1113,-2.8061
23,-0.0618,1.2878,1.1886,0.9528,-0.8325,-0.7426,1.0332,1.587,1.4354,-0.1844,-0.9277,-0.031
24,-0.4653,-1.1344,-1.7453,-1.0951,-0.0891,-0.6919,-2.4909,-1.9944,-3.1316,1.224,-1.8153,-3.9983
25,-0.6541,0.0975,0.1156,-1.9215,1.8966,-0.0168,0.6502,-0.841,0.4934,-0.7871,1.8815,0.8365
26,0.2352,0.1966,-0.0463,0.3434,-0.8745,-0.6313,0.0206,0.1892,-0.3648,0.6959,-1.161,-0.7253
27,-0.0981,-2.2281,-2.9739,-0.2794,0.5725,0.6787,-1.4253,-1.2728,-2.4641,0.6161,0.893,-0.2615
28,0.8681,-0.7344,-1.1723,0.3384,-0.6079,-0.142,-1.7695,-1.907,-2.6115,1.5902,-2.7097,-3.6095
29,0.1249,0.1054,-1.1955,0.3605,-0.6723,-0.2376,-0.5069,-0.5611,-1.2746,0.6191,-2.2295,-2.7947
30,1.2497,1.2258,1.4844,1.4228,-2.2522,-1.0819,0.3486,1.051,0.2217,0.2133,-2.0072,-0.4611
31,-3.0681,-0.5523,-0.2738,-5.7204,4.3063,-0.3999,0.7226,-1.8144,-0.7975,-1.8162,4.8614,-2.1821
32,-0.123,-0.1086,-0.844,-0.6302,-0.0425,0.4345,-0.3164,-0.3651,-0.4916,0.317,-0.3746,-0.6923
33,0.636,-1.1728,-1.3802,0.709,0.1517,0.5361,-0.8329,-0.3866,-1.1518,0.8417,-0.631,-0.5022
34,1.8267,0.4527,0.3696,4.3206,-2.0473,0.6613,0.7268,1.6245,0.6611,0.1079,-2.3961,2.6342
35,-0.2255,0.5808,-0.0488,0.4028,0.1848,-0.0909,0.6008,0.7302,0.215,0.4851,-0.3324,0.7223
36,-0.3244,1.5225,2.1247,-0.7995,0.0085,-0.2153,0.7466,0.9245,1.8979,-1.2458,1.1451,1.0902
37,-0.7927,3.1746,2.2378,-3.4735,0.0742,-2.1968,-0.1221,0.3807,0.1824,-0.5059,-1.1135,-3.8215
38,-1.4729,2.3863,2.3644,-4.1478,2.2331,-0.533,0.7817,-0.477,1.9808,-2.1479,3.6099,0.7174
39,-0.759,0.9182,0.1847,-2.3315,0.0823,-1.0173,-0.2195,-1.0884,-1.3081,1.0057,-0.2529,-3.2978
40,-1.1158,1.3616,0.673,-2.8372,1.1208,-1.1268,-0.1074,-1.0968,-1.1095,0.8381,-0.2028,-3.2169
41,-0.014,0.3871,0.5082,-0.3012,0.3193,0.1324,0.9539,0.2526,0.7173,-1.0555,0.0941,0.1313
42,0.0605,-0.8246,-0.881,0.508,0.166,0.5812,-0.3206,-0.0201,-0.3101,-0.1355,0.3903,0.2765
43,-0.9266,-0.8644,-0.0102,-3.446,2.4698,0.4168,-0.4669,-1.805,0.0521,-0.6647,2.5226,-0.6543
44,-1.1081,2.091,2.1943,-2.5793,1.4702,-0.3029,1.0887,-0.1099,2.2521,-2.0333,2.5788,-0.0291
45,0.5668,0.5484,1.0636,2.5969,-1.378,0.6498,1.5711,1.6121,2.202,-1.0256,0.8777,3.3734
46,0.2932,-3.1139,-2.4611,2.0457,-0.0637,2.0111,-0.0738,0.5908,-0.3443,0.1316,1.5338,3.4377
47,1.4589,-0.1971,-0.3888,3.9245,-2.2572,-0.3448,0.274,0.8137,0.0297,1.0724,-2.7364,0.8738
48,0.9547,0.4901,0.2286,1.2186,-0.5545,-0.1951,-0.9916,-0.3958,-1.0339,1.0813,-0.652,-0.5908
49,-0.4146,0.419,0.3163,-0.8441,0.8284,0.872,1.191,0.3717,0.7691,-0.6445,1.7099,1.1867
50,0.105,0.7349,0.3543,0.9771,-1.47,-1.0575,-0.96,-0.306,-0.8506,0.8917,-2.3994,-2.0056
51,0.0226,2.289,0.9902,-0.2079,-1.7075,-2.0861,-1.2206,-0.7904,-1.6895,2.1004,-4.3685,-4.266
52,0.5802,-1.2975,-2.0177,2.5414,-0.6706,0.3194,-1.6641,-0.498,-1.7998,0.8236,-1.4407,0.0367
53,0.4937,-0.8329,-2.2667,2.3077,-0.6552,-0.0827,-0.7395,-0.1209,-1.9605,1.6501,-2.1778,-0.9773
54,-0.7651,0.6442,1.3108,-1.4861,0.8116,1.0949,1.5947,0.343,2.7979,-1.7126,2.8625,3.0701
55,-1.2153,0.6025,0.2731,-2.6415,-0.2669,-0.6412,-0.9879,-1.2579,-1.8108,1.0401,-1.7719,-4.2338
56,0.5923,1.2122,1.2701,0.0468,-0.0714,-0.2485,0.624,0.8228,0.7548,0.0548,0.0239,-1.1048
57,0.3096,-2.8151,-2.1132,1.1642,0.29,1.8247,-1.2702,-0.0995,0.0786,-0.1998,0.5315,2.2266
58,-0.252,-0.9689,-1.7881,-0.1968,1.2137,1.2615,-0.3845,0.0509,-0.8509,0.3208,0.6297,0.0602
59,-0.9276,-1.6324,-2.4267,-2.6286,1.3644,-0.0171,-2.8213,-1.939,-4.2655,1.2825,-0.5428,-3.7443
60,0.1841,0.8231,0.3991,-0.3771,0.3197,-0.7899,-0.9087,-0.781,-1.3643,0.6107,-1.8622,-2.5845
61,0.4263,1.6867,2.0546,-0.4893,-0.4412,0.1026,1.4955,0.4251,2.028,-1.698,1.0954,0.6774
62,0.2048,-0.5193,0.4455,-0.1577,0.7259,0.5062,0.6323,0.4204,0.9617,-1.3868,1.1272,0.9085
63,-1.3916,0.1645,1.0577,-3.0876,1.5058,-0.226,0.4308,-1.304,0.1774,-0.9482,2.5707,-0.7823
64,0.2138,0.3929,-0.4696,0.7202,-0.7978,-0.9141,-0.5488,-0.4912,-1.7106,1.4176,-2.8778,-3.0825
65,-0.0264,-2.0502,-0.8008,-1.0258,1.5153,1.2027,-0.2455,-0.6263,0.4499,-1.1404,2.9035,1.1927
66,0.2423,-0.2134,0.0613,-0.5433,0.2363,0.9102,-0.1745,-0.852,0.6148,-0.7655,1.5454,0.8734
67,0.3638,0.0031,-0.6923,0.4901,-1.1901,-1.1786,-1.7453,-1.178,-2.7838,1.4458,-2.0636,-2.7856
68,-0.3919,0.1388,-1.5416,0.1973,-0.7193,-0.7044,-1.3394,-0.6051,-1.3109,0.4391,-1.7758,-2.261
69,-0.1001,-0.7572,-1.2996,-0.7243,0.5889,0.9112,-0.3414,-0.695,-0.4436,-0.5098,1.3877,1.2493
70,-0.9924,0.0848,0.7321,-1.7338,0.7481,0.2405,0.6395,-0.2916,1.5709,-0.6944,1.2723,1.2175
71,-0.1926,-1.6276,-2.0085,1.1845,-0.1538,0.4887,-0.6779,0.0287,-1.035,0.3474,-0.769,0.5868
72,0.8725,-0.8355,-1.494,3.0883,-0.93,0.3764,0.0335,0.6909,0.1092,0.7597,-0.9864,2.1043
73,-0.3657,-0.7801,-1.282,-1.6022,0.7942,0.9513,0.4032,0.0571,0.7096,-1.5336,2.5844,2.2866
74,0.7109,-1.5332,-0.6806,0.6605,0.1819,1.2764,0.721,0.1232,0.5387,-0.5345,1.6743,2.2621
75,0.4214,4.2134,3.8526,-0.4185,-2.4602,-2.3778,1.3213,1.31,2.1321,-0.2405,-2.4677,-1.5035
76,-1.4008,1.7657,2.3196,-1.7182,-0.6191,-1.0094,0.7637,0.3282,1.1604,-0.8933,0.4591,-0.3543
77,-0.0593,0.0176,0.2786,-1.3421,0.5751,0.2549,0.9045,-0.3357,1.2333,-0.5076,2.131,1.0307
78,-0.8499,0.8901,1.1282,-2.9205,1.8469,-0.5075,-0.076,0.086,-0.003,-0.3743,1.5142,-0.5967
79,0.3407,1.7704,1.2872,-1.3071,0.7076,-0.004,1.1049,0.5298,1.7793,-0.5103,0.7228,0.4462
80,-1.0117,1.1736,1.693,-2.8236,1.0505,0.0825,0.8496,-0.5214,1.2914,-0.9861,2.6548,0.6467
81,-0.8587,0.8612,1.075,-1.6352,0.2394,0.266,0.9763,0.4761,1.6737,-1.6004,1.8508,0.494
82,-0.6394,-0.332,-0.0897,-1.3241,0.942,0.5809,0.6197,-0.5014,0.9076,-0.9724,2.6072,1.1337
83,-1.8289,-1.7293,-1.5876,-3.5704,2.655,0.1329,-0.7388,-1.7213,-1.2269,-1.1358,3.8234,-0.1807
84,0.5775,1.2776,0.6153,0.2899,-0.5713,0.0056,0.2954,0.3249,1.3363,-0.7001,-0.2485,0.5393
85,-0.8181,-0.5569,-0.9331,-0.9688,-0.0413,0.0463,-1.0309,-0.576,-1.0754,0.07,-0.2862,-1.9875
86,1.038,0.2879,0.2083,2.317,-1.3796,-0.3362,-0.2205,0.5008,-0.3623,0.6101,-1.715,-0.2383
87,-0.0989,-0.649,0.4562,-0.3198,0.8193,0.883,1.5053,0.8311,1.8141,-0.892,2.796,3.6124
88,0.5035,-2.5943,-3.2254,1.1236,0.1829,0.1029,-2.1536,-1.6222,-2.936,1.415,-1.6797,-2.0648
89,0.313,2.6468,2.1455,-0.8879,-2.2473,-2.3147,-0.4069,0.176,-0.6203,1.1928,-3.6003,-2.979
90,0.8114,-0.3075,-0.0477,1.8669,-0.7048,0.6328,0.3762,0.3866,0.4027,0.192,0.3353,1.5041
91,-0.8577,-0.1,-0.714,-1.0493,0.7585,-0.7686,-0.6565,-1.0337,-0.4134,-0.1512,-0.2316,-1.0058
92,0.6679,-0.3786,-0.5981,0.3505,-0.0198,0.9239,-0.2831,-0.0273,-0.003,0.1896,0.5332,1.3873
93,0.6187,0.0181,-0.3692,2.0763,-1.5005,-0.1781,-0.2013,0.6076,0.4393,0.7482,-1.602,0.002
94,-1.6182,2.1249,2.37,-4.7885,1.984,-1.3676,0.1039,-1.126,-0.4466,-0.9367,0.7153,-2.3894
95,-0.0098,0.6342,1.6745,-0.0195,1.1905,0.7759,2.4784,1.5967,2.6548,-1.7818,2.967,3.7162
96,-0.335,-0.2615,-0.0952,-2.368,1.3473,-0.3083,0.0106,-0.4235,-0.4874,0.4582,1.4364,-0.2273
97,-1.5751,-1.8867,-0.3857,-1.6264,2.8237,1.3107,1.101,-0.5182,1.2453,-0.8623,3.9515,2.7203
98,2.2051,-0.3734,-0.204,4.7009,-2.8113,1.4619,2.0415,2.5482,2.4731,-1.2855,-0.2394,4.2034
99,-0.2414,-0.0838,-0.7704,-0.2542,-0.0669,0.2602,-0.3503,-0.5414,-1.0468,0.732,-0.037,-1.3378
100,-1.1012,2.5442,1.3928,-2.5662,-0.3242,-1.4901,-0.0724,0.2008,-0.4663,0.1648,-1.6401,-1.675
101,-0.7089,1.5131,2.0583,-1.2555,-0.7709,-1.036,0.696,0.0364,0.6957,0.2223,-0.6361,-1.6643
102,-1.105,0.9962,1.2338,-2.9904,1.3323,-0.3849,0.7875,-0.2458,1.3654,-1.5779,1.9943,-0.2055
103,-0.3138,0.0622,0.0072,-0.026,-0.0229,0.2647,0.2984,0.2997,-0.0595,-0.0205,-0.4381,0.041
104,0.2543,2.2442,3.0468,-1.5588,-0.1485,-1.4727,1.3905,1.4023,2.7203,-1.1397,0.9582,0.8884
105,0.4958,3.803,2.806,1.4609,-1.9007,-1.4071,-0.0664,1.1191,0.1157,1.1964,-4.173,-3.2422
106,0.9169,-0.3269,-1.4012,3.0537,-1.4557,-0.0678,-0.8387,-0.1587,-1.1877,2.0155,-3.6044,-0.5723
107,-2.2988,-4.8945,-3.2706,-2.8131,4.3621,2.1605,-1.3037,-2.3682,-1.9825,-0.6029,5.7179,1.5977
108,-1.7697,-1.6583,-0.9964,-2.2473,1.7965,0.0205,-0.9491,-1.5567,-0.6403,0.0171,2.1125,-1.1
109,-0.5954,-0.254,-0.514,-1.7489,0.6509,-0.375,-0.5466,-1.3269,-1.7801,0.0267,0.1489,-1.4729
110,-0.0936,-0.1243,0.4155,0.7553,-0.301,0.2062,0.515,0.9204,0.9918,-0.5613,0.378,1.2299
111,-0.2963,-0.4011,0.0798,-1.1677,1.1481,0.5448,0.3276,-0.0704,0.4914,-0.5319,2.4167,0.7318
112,-0.4527,-0.2528,0.2267,-0.9878,0.6934,-0.481,-0.0141,-0.0983,1.3474,-0.3277,0.8883,-0.211
113,-1.2759,-2.0092,-1.2793,-2.8699,2.0558,0.3792,0.1406,-1.0158,-0.8555,-0.9921,3.0976,-0.781
114,-0.0343,0.5971,0.8417,1.1112,-0.4328,0.196,1.1426,1.4407,1.6078,-0.6839,0.1448,0.9581
115,0.4083,-1.2192,0.7225,1.8449,-0.9911,0.9804,1.0601,1.5068,1.5797,-0.9171,0.5916,3.6724
116,-0.6504,0.6083,1.4209,-0.1069,-0.0065,0.0374,1.2457,1.1478,1.3622,-1.1676,1.7578,2.0881
117,0.8518,-1.189,-0.7239,3.5204,-0.4852,1.8263,1.7858,1.8671,3.0052,-1.0696,2.1815,5.9831
118,0.5931,-1.6247,-1.4312,0.8626,-0.387,1.1692,-0.8345,-0.537,-0.3678,0.4464,-0.03,-0.4105
119,-1.3618,0.339,0.3938,-3.3621,2.2716,-0.3313,0.2814,-0.8384,0.6608,-1.2593,3.0384,-0.3005
120,-0.6874,-0.1563,0.5909,0.3469,-0.3346,0.0206,0.7317,0.0405,0.308,-0.837,1.2638,1.1136
121,0.3694,-1.2608,-2.316,2.2018,-0.5514,-0.0457,-1.8217,-0.9587,-2.1847,1.8186,-1.9902,-0.5685
122,0.5636,2.8016,1.7125,-1.2457,-0.6826,-1.4164,0.5636,0.3251,0.9195,-0.6038,-1.5888,-1.3465
123,0.937,-1.7913,-2.38,1.3701,-0.0704,1.2224,-1.3687,-0.8902,-1.3614,0.5082,0.0634,0.81
124,0.5238,1.6663,1.1209,0.9413,-1.9047,-0.5652,0.9366,1.1409,0.5123,0.3979,-1.6587,0.712
125,0.9903,0.3619,0.0314,2.3768,-1.6791,-0.1551,0.5791,0.4927,0.865,-0.3369,-1.4568,0.7472
126,0.4543,-0.0349,0.9556,-0.4093,1.0511,0.987,2.1076,0.8781,3.089,-2.2975,3.333,4.971
127,0.6254,1.8704,1.0754,-0.9333,-0.4056,-1.9239,-0.2434,-0.5704,-0.9488,0.6991,-1.9733,-3.0847
128,-0.2342,-2.1684,-3.1016,0.0058,0.9943,0.4238,-2.1141,-2.1481,-2.4546,1.4188,0.0973,-1.7128
129,1.0216,1.9722,3.1631,1.4144,-2.048,-0.8187,1.7601,1.7648,2.8608,-0.6316,-1.7424,1.3837
130,1.4329,-1.2925,-2.1575,3.6023,-2.2566,-0.7945,-2.3917,-0.6508,-4.1058,2.5598,-6.7162,-3.9629
131,-0.3847,0.7052,0.677,-1.0994,0.95,-0.8034,1.1403,0.7408,0.621,-1.0977,1.7804,0.6712
132,-1.1607,1.9971,1.9713,-4.5223,1.8402,-0.6935,0.5684,0.1623,1.0571,-1.1641,1.7176,-1.2646
133,-0.3924,2.1165,1.769,-2.1898,1.4946,-0.8929,1.4744,0.7126,0.9767,-1.4868,0.6512,-1.2678
134,-0.7125,-0.7901,-1.3165,-1.1488,2.0041,0.8285,-0.0863,0.0722,-0.8163,-0.7824,2.0496,0.8144
135,0.9094,-0.6257,-0.4046,2.5024,-1.0022,1.3372,1.7113,1.9245,2.4569,-0.8467,1.0961,4.5952
136,-0.4618,1.5257,3.3465,-2.1427,0.8664,-0.6962,1.5732,0.7647,2.823,-1.4164,1.829,1.0975
137,0.9064,-1.0038,-1.4651,1.5463,-0.8076,0.4226,-1.0729,0.7103,-1.0182,1.0205,-1.1074,0.8036
138,-0.2027,-0.4667,-0.9086,-1.1663,0.399,-1.4259,-1.6954,-1.7824,-2.7651,1.5969,-0.8374,-3.7501
139,-1.682,-0.3427,-0.4469,-3.5624,2.7146,-0.2095,0.5101,-0.9527,0.7042,-1.8673,3.6283,0.3451
140,0.0453,2.8282,3.2524,-1.4198,-0.4727,-1.0331,1.9581,1.6773,3.0596,-1.3191,0.371,0.035
141,0.761,2.6542,3.2537,0.9239,-2.4109,-1.1592,1.7138,1.6476,3.066,-1.1549,-1.4483,2.088
142,0.2376,2.2164,3.467,-1.5351,0.3948,-0.2644,1.9622,2.288,3.0277,-2.4521,1.4037,2.1519
143,-0.8232,-0.2368,0.6096,-1.2737,0.7514,0.7087,-0.3776,-0.5275,-0.0989,-0.6384,1.3031,0.231
144,-0.5383,-1.3268,-0.7066,0.3741,1.0721,1.5678,1.3585,0.8577,1.9725,-1.5673,4.6475,3.9204
145,-0.2249,-0.9698,-0.6057,-0.5797,-0.1144,-0.5749,-1.7609,-0.8507,-1.2841,1.0245,-0.4826,-2.3444
146,-1.023,3.9885,3.2914,-3.7035,-0.4094,-2.6466,0.3833,-0.1397,0.9559,-0.5203,-1.1974,-3.9391
147,0.8883,1.1531,0.923,1.6773,-1.4714,-0.5187,-0.3572,0.883,0.0221,1.0456,-2.3016,-0.5241
148,-0.9067,-1.7373,-0.5946,-1.4314,2.3212,1.8558,1.5338,0.0258,1.6149,-1.6184,4.3293,3.3992
149,-1.1437,-0.7312,-0.1146,-2.1698,1.5433,-0.2291,-0.5562,-1.2071,-0.9172,0.0472,1.2609,-1.1873
150,-1.1439,0.1201,0.9901,-2.6794,1.4535,0.3265,-0.1752,-0.4942,0.5868,-0.5834,2.1442,-0.0628
151,-2.5707,2.5506,2.9904,-6.5982,3.4104,-1.2155,2.246,-0.8385,2.4084,-3.0116,5.892,-0.0464
152,-1.0388,0.4078,0.6725,-3.9879,2.4067,0.3999,0.7486,-0.9122,0.6093,-1.0318,3.2473,-0.0903
153,-2.8102,4.9279,5.7511,-6.7999,2.3855,-1.7155,2.4747,0.5377,3.8551,-3.0172,4.7346,-0.2688
154,-1.8281,0.3425,0.7188,-2.5457,2.0738,-0.0609,-0.4144,-1.3843,-0.2994,-0.3654,2.4024,-0.6758
155,0.2205,-0.4041,-0.1255,-0.5023,0.5755,0.1271,-0.1307,-0.1683,0.4963,-0.2054,1.4766,0.9398
156,-1.1634,-0.6391,1.5548,-1.4858,2.2016,1.4306,2.3307,1.4285,3.6427,-2.6844,4.8562,5.21
157,-0.8067,1.6097,2.3501,-5.1335,2.9739,-0.3387,1.8152,-0.0085,2.5071,-2.5676,4.5817,2.0754
158,0.4742,1.1387,2.1582,2.1022,-0.8313,0.3189,2.684,2.662,3.9465,-1.725,0.6543,4.4054
159,-0.5132,-0.0871,-0.7236,-2.9221,2.2492,0.7489,0.2958,-0.3049,0.1432,-0.0604,2.5308,-0.528
160,-2.3751,0.4559,1.2018,-5.088,3.3709,0.5996,1.6539,-0.34,2.6319,-2.7536,6.977,2.6256
161,-0.7238,-1.5268,-0.9182,-0.8263,3.1467,1.7542,0.7695,0.2095,1.8065,-1.2273,4.3093,3.3323
162,0.4994,-1.6614,0.6897,0.634,0.381,1.579,1.017,1.3749,2.0419,-1.4804,3.3808,4.7466
163,-2.2027,2.2373,3.063,-6.5533,3.2832,-1.2726,1.9774,-0.6508,1.5821,-1.7959,3.6584,-1.0633
164,-0.6306,-1.2563,-0.3601,-0.3687,1.4205,1.39,2.2529,0.087,1.9274,-2.3197,4.817,5.0238
165,-0.3926,-0.2431,1.0715,-1.5332,1.1423,1.2466,2.7355,0.7922,2.8407,-2.4215,4.0122,3.4529
166,-0.3907,1.3276,1.1979,-1.7607,0.8516,-0.6238,0.5422,-0.3651,0.9521,-0.4697,0.9255,0.0221
167,-0.0984,1.2146,2.3299,-0.5046,1.0937,0.7308,2.7873,2.4258,4.0468,-2.405,3.5926,4.8506
168,-1.0132,1.0193,1.6534,-3.8527,2.1013,0.2324,1.9782,-0.2112,2.7035,-1.673,4.1299,1.0261
169,0.2069,0.766,0.6576,-0.6897,0.3224,-0.9224,0.3438,-0.8937,-0.5474,-0.1436,0.3227,-1.1484
170,-1.6036,0.1083,1.8375,-5.0343,6.8756,0.3335,1.467,-0.7588,3.0051,-2.8824,6.1835,2.1671
171,-0.9411,-1.0767,0.3713,-1.5683,5.2635,1.6117,1.3594,0.2758,2.2239,-1.6227,3.1332,2.6977
172,-1.1672,1.2843,2.0846,-1.3135,4.9437,1.0302,3.2583,2.2867,5.0384,-3.92,5.2343,6.0808
173,-1.1682,2.1815,2.8283,-2.3233,3.8622,0.315,1.4657,0.8823,1.4514,-2.1856,2.656,1.918
174,-3.0846,0.7569,2.454,-6.82,9.1113,1.2045,3.2279,0.7086,4.1023,-4.3826,10.5105,4.6536
175,-0.8917,3.4692,4.719,-1.7643,3.2755,-0.2838,4.8559,3.1733,6.3592,-4.3587,3.748,4.5515
176,-1.4598,3.8495,5.4889,-4.5642,4.9513,-0.5027,4.4659,2.0782,7.0805,-4.7043,6.7037,4.37
177,-3.1665,-0.6708,2.1703,-7.5663,9.8982,2.7245,3.9679,0.1857,5.4719,-5.3315,12.4558,5.4118
178,0.3869,0.0633,1.79,0.9079,3.6017,1.2143,3.047,2.5635,4.3091,-2.9227,4.8421,6.1526
179,-0.1104,0.5075,2.2945,-0.1212,4.1144,1.8011,3.6196,3.0431,6.0777,-4.4016,7.0916,7.6359
180,-2.6694,2.5336,2.6022,-6.8964,7.2719,0.408,2.603,1.1738,5.2468,-4.06,7.604,3.3987
181,0.4347,-1.4457,-1.0783,-1.2176,5.0844,1.6085,-0.1785,-0.8611,0.1812,-1.1928,2.4413,2.0364
182,-1.2724,0.5627,2.2838,-4.1346,7.0395,2.27,4.0832,1.1882,5.0363,-4.2805,8.4742,6.3131
183,-0.8789,1.721,3.1014,-2.3436,5.7568,1.2708,3.7056,1.4142,5.82,-3.7369,6.1683,5.1928
184,-0.7106,0.5761,1.4529,-1.5197,4.3977,0.7904,2.569,1.3397,3.7243,-3.0316,5.106,4.3541
185,-1.5234,1.0456,1.5252,-5.1837,6.7004,1.0446,1.9681,0.2575,3.6013,-3.2216,7.561,3.504
186,-0.6709,-0.5165,0.8766,-0.1254,5.3497,1.9113,2.7279,1.7607,4.7254,-3.54,7.0303,7.6112
187,-3.1582,2.2677,3.0828,-6.2814,6.238,-0.0623,2.0928,0.051,2.1883,-2.5508,4.8313,1.3399
188,-3.9314,-0.5755,1.5364,-7.7043,10.3166,2.5375,3.8458,0.2163,5.4941,-5.8255,12.603,6.8624
189,-1.3011,2.0173,3.5637,-5.1987,6.366,0.5159,3.5912,1.4163,5.3343,-3.8013,6.9325,3.8912
190,-1.7185,-0.1722,1.3208,-2.8076,6.8494,2.1813,2.589,0.6661,4.4245,-2.6561,7.6397,4.7839
191,-1.9706,1.5112,2.635,-5.3573,6.382,0.2036,2.2212,0.8513,3.4515,-2.8084,5.5626,2.0242
192,-1.8435,0.7169,2.4565,-3.8555,6.3013,1.7375,4.305,1.932,6.4293,-4.554,8.747,6.982
193,-0.2899,0.2718,1.8017,-1.204,4.4946,0.6132,2.4519,1.1546,3.7348,-2.2848,4.2046,4.0044
194,-0.4011,0.5022,2.3625,-2.9754,5.3841,0.8992,2.9291,0.6913,4.3188,-3.105,6.0483,4.4184
195,-0.7941,0.3726,3.1386,-0.7071,5.5145,2.4408,4.0721,2.3166,7.2056,-4.8092,7.9194,9.2386
196,-1.2879,2.051,3.6201,-2.7326,5.3655,0.3154,3.9962,3.0703,5.9383,-4.3627,6.9947,7.1547
197,-3.5298,1.164,3.4223,-8.2822,9.5178,2.721,4.4907,0.7345,6.9921,-6.6418,12.9251,7.2352
198,-1.4313,0.7116,3.8469,-3.6915,6.5364,1.856,4.72,2.3629,8.1317,-5.7755,10.3151,8.7485
199,-1.0792,3.5415,3.9638,-3.1721,4.5052,0.0334,4.5532,1.9276,5.3014,-3.3524,4.2962,3.2564
200,-3.061,0.9231,1.7034,-5.3829,7.6834,0.8448,2.9843,0.5258,3.9036,-3.829,8.695,4.1915
